
<?xml version="1.0" encoding="UTF-8" standalone="yes"?>
<addon id="repository.kodi-mexico" name="Repositorio Oficial Cybernet" version="1.1.0" provider-name="alonzozero">
	<extension point="xbmc.addon.repository" name="Repositorio Oficial Cybernet">
		<info compressed="false">https://raw.githubusercontent.com/alonzozero/miNuevoRepo/master/addons.xml</info>
		<checksum>https://raw.githubusercontent.com/alonzozero/miNuevoRepo/master/addons.xml.md5</checksum>
		<datadir zip="true">https://raw.githubusercontent.com/alonzozero/miNuevoRepo/master</datadir>
	</extension>
	<extension point="xbmc.addon.metadata">
		<summary>Repositorio Oficial Cybernet</summary>
   		<description lang="en">Instala los Addons Cybernet.</description>
		<disclaimer></disclaimer>
		<platform>all</platform>
	</extension>
</addon>